setupScript,rigSystem,Quest,string,"Which Rig is being used (Quest or Leap - this should be the first line in this document, must be set before setting any other handsAndSave properties)",,,,,
,,,,,,,,,
,,,,Start of the paradigm -> initial setup and delay,"time delay at the very start of the game, introduced to give participants time to position themselves once in the VR and then detect initial headset position ",,,,
startScript,experimentStartTimeDelay,5,seconds,,amount of time to wait ,,,,
,,,,,,,,,
,,,,Trials Stage 1,,,,,
trialScript,stage1_baseDelay,0.35,seconds,,base duration of stage0 (sum additional message and break delays for total duration),,,,
,,,,,,,,,
trialScript,trial_maxTime,60,seconds,30,overall trial max time (after which skips ttrial),,,,
trialScript,stage2_maxTime,60,seconds,10,max time for stage 2 = reposition hands (after which skips trial),,,,
trialScript,stage3_maxTime,60,seconds,10,max time for stage 3 = make contact with plate (after which skips trial),,,,
trialScript,stage4_maxTime,60,seconds,10,max time for stage 4 = lift plate to target (after which skips trial),,,,
,,,,,,,,,
,,,,Trials Stage 4,,,,,
setupScript,targetSizeX,0.1,meters,,Distance (along xyz) of plate center from target center for success,,,,
setupScript,targetSizeY,0.1,0.05,,,,,,
setupScript,targetSizeZ,0.1,,,,,,,
targetScript,targetMeshColorSuccessR,0,(0 to 1),,color of the target,,,,
targetScript,targetMeshColorSuccessG,0.75,,,,,,,
targetScript,targetMeshColorSuccessB,0.4,,,,,,,
targetScript,targetMeshColorSuccessAlpha,0.3,,,,,,,
targetScript,targetMeshColorUnsuccessR,1,,,,,,,
targetScript,targetMeshColorUnsuccessG,0,,,,,,,
targetScript,targetMeshColorUnsuccessB,0,,,,,,,
targetScript,targetMeshColorUnsuccessAlpha,0.3,,,,,,,
,,,,,Maximum plate tilt for success,,,,
targetScript,maxTiltForSuccessX,180,deg,,(horizontal front/back),,,,
targetScript,maxTiltForSuccessY,180,deg,,(flat rotation),,,,
targetScript,maxTiltForSuccessZ,180,deg,30,"(horizontal left-right, in z)  ",,,,
targetScript,timeInTargetForSuccess,0.1,seconds,,Amount of consecutive time plate needs to meet conditions above (close to target and not tilted) for trial to be a success,,,,
,,,,,,,,,
,,,,,,,,,
,,,,,,,,,
trialScript,leftHandGainX,0,relative units,,"gain perturbation to be applied to the hands (-1 means no movement of the hand, 2 means twice as fast) (to be changed for each trial)",,,,
trialScript,leftHandGainY,0,,,,,,,
trialScript,leftHandGainZ,0,,,,,,,
trialScript,rightHandGainX,0,,,,,,,
trialScript,rightHandGainY,0,,,,,,,
trialScript,rightHandGainZ,0,,,,,,,
,,,,,,,,,
,,,,Trials Stage 5,,,,,
trialScript,stage5_outcomeMessageDuration,1,seconds,fail msg,amount of time failMessage shown,,,,
,,,,,,,,,
,,,,Trials Stage 6,,,,,
trialScript,stage6_breakDuration,10,seconds,break msg,break duration at the end of this trial ( = duration of breakMessage if shown) (to be changed for each trial),,,,
trialScript,stage6_breakFlag,FALSE,,,,,,,
plateAndGrapeScript,plateGrapeColorSuccessR,0,(0 to 1),,color of the plate and grape particle effects,,,,
plateAndGrapeScript,plateGrapeColorSuccessG,0.75,,,,,,,
plateAndGrapeScript,plateGrapeColorSuccessB,0.4,,,,,,,
plateAndGrapeScript,plateGrapeColorSuccessAlpha,0.5,,,,,,,
plateAndGrapeScript,plateGrapeColorUnsuccessR,1,,,,,,,
plateAndGrapeScript,plateGrapeColorUnsuccessG,0,,,,,,,
plateAndGrapeScript,plateGrapeColorUnsuccessB,0,,,,,,,
plateAndGrapeScript,plateGrapeColorUnsuccessAlpha,0.5,,,,,,,
,,,,,,,,,
,,,,,,,,,
,,,,Task environment -> plate,,,,,
setupScript,platePositionX,0,meters,,"plate position at start of trial, wrt headset initial position",,,,
setupScript,platePositionY,-0.3,,,,,,,
setupScript,platePositionZ,0.5,,,,,,,
setupScript,plateSizeX,0.25,meters,,size of plate in meters,,,,
setupScript,plateSizeY,0.02,,,,,,,
setupScript,plateSizeZ,0.25,,,,,,,
setupScript,plateMass,1,,,plate rigid body properties,,,,
setupScript,plateDrag,0,,,,,,,
setupScript,plateAngularDrag,0.05,,,,,,,
setupScript,frictionPlateHandsDynamic,0.6,,,plate-hands friction coefficients,,,,
setupScript,frictionPlateHandsStatic,0.6,,,,,,,
,,,,,,,,,
,,,,Task environment -> grape,,,,,
setupScript,grapeLocalPositionX,0,meters,,"grape position at start of trial, wrt plate center",,,,
setupScript,grapeLocalPositionY,0.05,,,"(for grape to rest on plate, y should be half height of grape + half height of plate)",,,,
setupScript,grapeLocalPositionZ,0,,,,,,,
setupScript,grapeLocalPositionY_Auto,TRUE,bool,,automatically sets grape y position to: half height of grape + half height of plate (so that grape rests on plate),,,,
setupScript,grapeSizeX,0.1,meters,,size of grape in meters (of collider - mesh is irregular but approx the size),,,,
setupScript,grapeSizeY,0.08,,,,,,,
setupScript,grapeSizeZ,0.08,,,,,,,
setupScript,grapeMass,1,,,grape rigid body properties,,,,
setupScript,grapeDrag,0,,,,,,,
setupScript,grapeAngularDrag,0.05,,,,,,,
setupScript,frictionPlateGrapeDynamic,0.3,,,plate-grape friction coefficients,,,,
setupScript,frictionPlateGrapeStatic,0.3,,,,,,,
grapeScript,grapeAlwaysIgnoreHands,FALSE,true/false,,flag for whether hands-grape collision should always be ignored (versus allow to manipulate grape),,,,
,,,,,,,,,
,,,,Task environment -> target,,,,,
setupScript,targetLocalPositionX,0,meters,,target position wrt plate start position,,,,
setupScript,targetLocalPositionY,0.3,,,,,,,
setupScript,targetLocalPositionZ,0,,,,,,,
setupScript,targetMeshPositionOffsetX,0,meters,,target mesh position wrt target,,,,
setupScript,targetMeshPositionOffsetY,0,,,,,,,
setupScript,targetMeshPositionOffsetZ,0,,,,,,,
setupScript,targetMeshSizeX,0.2,meters,,target mesh size,,,,
setupScript,targetMeshSizeY,0.005,,,,,,,
setupScript,targetMeshSizeZ,0.2,,,,,,,
setupScript,targetMeshShape,Cube,string,,"Capsule, Cylinder, Cube, Sphere, Plate, PlateAndGrape",,,,
setupScript,targetMeshSizeAuto,platePlusTarget,string,,"Automatic size of mesh options: none, plate (as size of plate object), platePlusTarget (plate + target, reflecing true success region), centerTarget (success region of the plate center)",,,,
,,,,,,,,,
,,,,,,,,,
,,,,Hands,,,,,
handsAndSaveScript,leftHandActiveFlag,TRUE,bool,,"flag for whether hand is active (if not, hand is not visible and is not used to collide with objects)",,,,
handsAndSaveScript,rightHandActiveFlag,TRUE,,,,,,,
handsAndSaveScript,leftHandTrackingFlag,TRUE,,,flag for whether to track respective hand (true: freezes plate if hand disappears),,,,
handsAndSaveScript,rightHandTrackingFlag,TRUE,,,,,,,
,,,,,,,,,
,,,,Birds,,,,,
setupScript,backgroundBirdChirpVolume,0.1,0 to 1 ,,volume of background chirping,,,,
setupScript,backgroundBirdFlyawayVolume,0.1,0 to 1 ,,volume of background fly away sound,,,,
setupScript,targetBirdVolume,1,,,volume of target bird success/fail (can also select sound by placing file in the Resources folder under Assets),,,,
,,,,,,,,,
,,,,Data saving,,,,,
handsAndSaveScript,savePerturbationOffset,FALSE,bool,,flag for whether to save online perturbation offsets,,,,
handsAndSaveScript,saveBoneTransforms,FALSE,bool,,flag for whether to save all hand bones transforms,,,,
handsAndSaveScript,saveBoneColliderShapes,FALSE,bool,,flag for whether to save all hand bones shapes,,,,
handsAndSaveScript,saveFingertipPosition,FALSE,bool,,flag for whether to save fingertip positions,,,,
handsAndSaveScript,saveBasicData,FALSE,bool,,flag for whether to save fingertip positions,,,,
,,,,,,,,,
,,,,,,,,,
,,,,Game area Boundaries,,,,,
setupScript,gameBoundLocalPositionLeft,0.5,meters,distance of game area bounds from plate initial position ,,,,,
setupScript,gameBoundLocalPositionRight,0.5,,,,,,,
setupScript,gameBoundLocalPositionTop,0.8,,,,,,,
setupScript,gameBoundLocalPositionBottom,1,,,,,,,
setupScript,gameBoundLocalPositionFront,0.5,,,,,,,
setupScript,gameBoundLocalPositionBack,0.5,,,,,,,
setupScript,gameBoundBottomIsGround,TRUE,bool,set  y bottom to ground level automatically,,,,,
,,,,,,,,,
,,,,,,,,,
,,,,,,,,,
,,,,,,,,,
,,,,,,,,,
,,,,ORIGIN!,,,,,
messagesScript,originText,"Position
your hands
to start",string,,"""origin"" message text",,,,
setupScript,originMessagePositionX,0,meters,,"""origin"" message position, wrt headset initial position",,,,
setupScript,originMessagePositionY,0.2,meters,,,,,,
setupScript,originMessagePositionZ,3.5,meters,,,,,,
setupScript,originMessageFontSize,5,au,,"""origin"" message font size (relative units)",,,,
,,,,,,,,,
,,,,START!,,,,,
messagesScript,startText,"Welcome!
(Loading...)",string,,"""start"" message text",,,,
setupScript,startMessagePositionX,0,meters,,"""start"" message position, wrt temporary headset initial position (at the very start)",,,,
setupScript,startMessagePositionY,1,meters,,,,,,
setupScript,startMessagePositionZ,4,meters,,,,,,
setupScript,startMessageFontSize,5,au,,"""start"" message font size (relative units)",,,,
,,,,,,,,,
,,,,BREAK!,,,,,
messagesScript,breakText,break,string,,text,,,,
setupScript,breakMessagePositionX,0.4,meters,,"position, wrt headset initial position",,,,
setupScript,breakMessagePositionY,0.3,,,,,,,
setupScript,breakMessagePositionZ,0.6,,,,,,,
setupScript,breakMessageFontSize,1,,,font size,,,,
setupScript,breakMessageSizeX,0.55,,,scale of vignette,,,,
setupScript,breakMessageSizeY,0.4,,,,,,,
,,,,,,,,,
,,,,End of paradigm,,,,,
messagesScript,endText,The end,string,,"""end"" message text",,,,
setupScript,endMessagePositionX,0,meters,,"""end"" message position, wrt initial headset position",,,,
setupScript,endMessagePositionY,0.2,meters,,,,,,
setupScript,endMessagePositionZ,3.5,meters,,,,,,
setupScript,endMessageFontSize,5,au,,"""end"" message font size (relative units)",,,,
,,,,,,,,,
,,,,Task environment -> Trial number display,,,,,
messagesScript,trialNumberBaseText,Trial: ,,,"string that will be displayed for this trial (trial number, change for each trial)",,,,
setupScript,trialNumberMessagePositionX,-0.5,meters,,"position, wrt headset initial position",,,,
setupScript,trialNumberMessagePositionY,0.2,,,,,,,
setupScript,trialNumberMessagePositionZ,0.8,,,,,,,
setupScript,trialNumberMessageFontSize,0.8,,,font size,,,,
messagesScript,trialNumberAuto,TRUE,,,,,,,
,,,,,,,,,
messagesScript,fail1Text,"too
tilted",string,"too
tilted",text depending on failure flag,,,,
messagesScript,fail2Text,"target
abandoned",,"target
abandoned",,,,,
messagesScript,fail3Text,"plate
fell",,"plate
fell",,,,,
messagesScript,fail4Text,"too
slow",,"too
slow",,,,,
messagesScript,fail5Text,"not in
target",,"not in
target",,,,,
,,,,,,,,,
messagesScript,successText,success!,string,success!,text for success,,,,"added Message for Success, done in Unity"
setupScript,successMessagePositionX,0.4,meters,,"position, wrt headset initial position",,,,
setupScript,successMessagePositionY,0.3,,,,,,,
setupScript,successMessagePositionZ,0.6,,,,,,,
setupScript,successMessageFontSize,1,,,font size,,,,
setupScript,successMessageSizeX,0.55,,,"size of cartoon, meters",,,,
setupScript,successMessageSizeY,0.4,,,,,,,
,,,,,,,,,
setupScript,fail1MessagePositionX,0.4,meters,,"position, wrt headset initial position",,,,
setupScript,fail1MessagePositionY,0.3,,,,,,,
setupScript,fail1MessagePositionZ,0.6,,,,,,,
setupScript,fail1MessageFontSize,1,,,font size,,,,
setupScript,fail1MessageSizeX,0.55,,,scale of vignette,,,,
setupScript,fail1MessageSizeY,0.4,,,,,,,
,,,,,,,,,
,,,,,,,,,
setupScript,fail2MessagePositionX,0.4,,,,,,,
setupScript,fail2MessagePositionY,0.3,,,,,,,
setupScript,fail2MessagePositionZ,0.6,,,,,,,
setupScript,fail2MessageFontSize,0.7,,,,,,,
setupScript,fail2MessageSizeX,0.55,,,,,,,
setupScript,fail2MessageSizeY,0.4,,,,,,,
,,,,,,,,,
setupScript,fail3MessagePositionX,0.4,,,,,,,
setupScript,fail3MessagePositionY,0.3,,,,,,,
setupScript,fail3MessagePositionZ,0.6,,,,,,,
setupScript,fail3MessageFontSize,1,,,,,,,
setupScript,fail3MessageSizeX,0.55,,,,,,,
setupScript,fail3MessageSizeY,0.4,,,,,,,
,,,,,,,,,
setupScript,fail4MessagePositionX,0.4,,,,,,,
setupScript,fail4MessagePositionY,0.3,,,,,,,
setupScript,fail4MessagePositionZ,0.6,,,,,,,
setupScript,fail4MessageFontSize,1,,,,,,,
setupScript,fail4MessageSizeX,0.55,,,,,,,
setupScript,fail4MessageSizeY,0.4,,,,,,,
setupScript,fail5MessagePositionX,0.4,,,,,,,
setupScript,fail5MessagePositionY,0.3,,,,,,,
setupScript,fail5MessagePositionZ,0.6,,,,,,,
setupScript,fail5MessageFontSize,1,,,,,,,
setupScript,fail5MessageSizeX,0.55,,,,,,,
setupScript,fail5MessageSizeY,0.4,,,,,,,
,,,,,,,,,
setupScript,trialNumberMessageSizeX,0,,,,,,,
setupScript,trialNumberMessageSizeY,0,,,,,,,
setupScript,startMessageSizeX,10,,,,,,,
setupScript,startMessageSizeY,5,,,,,,,
setupScript,originMessageSizeX,10,,,,,,,
setupScript,originMessageSizeY,5,,,,,,,
setupScript,endMessageSizeX,10,,,,,,,
setupScript,endMessageSizeY,5,,,,,,,
,,,,,,,,,
,,,,,,,,,
setupScript,trialNumberMessageType,none,,,,,,,
setupScript,startMessageType,rectangle,,,,,,,
setupScript,endMessageType,rectangle,,,,,,,
setupScript,originMessageType,rectangle,,,,,,,
setupScript,breakMessageType,cartoon,,,,,,,
setupScript,successMessageType,cartoon,,,,,,,
setupScript,fail1MessageType,cartoon,,,,,,,
setupScript,fail2MessageType,cartoon,,,,,,,
setupScript,fail3MessageType,cartoon,,,,,,,
setupScript,fail4MessageType,cartoon,,,,,,,
setupScript,fail5MessageType,cartoon,,,,,,,
,,,,,,,,,
setupScript,trialNumberMessageTextRotationZ,0,,,,,,,
setupScript,startMessageTextRotationZ,0,,,,,,,
setupScript,endMessageTextRotationZ,0,,,,,,,
setupScript,originMessageTextRotationZ,0,,,,,,,
setupScript,breakMessageTextRotationZ,15,,,,,,,
setupScript,successMessageTextRotationZ,15,,,,,,,
setupScript,fail1MessageTextRotationZ,15,,,,,,,
setupScript,fail2MessageTextRotationZ,15,,,,,,,
setupScript,fail3MessageTextRotationZ,15,,,,,,,
setupScript,fail4MessageTextRotationZ,15,,,,,,,
setupScript,fail5MessageTextRotationZ,15,,,,,,,
setupScript,trialNumberMessageBackgroundRotationZ,0,,,,,,,
setupScript,startMessageBackgroundRotationZ,0,,,,,,,
setupScript,endMessageBackgroundRotationZ,0,,,,,,,
setupScript,originMessageBackgroundRotationZ,0,,,,,,,
setupScript,breakMessageBackgroundRotationZ,0,,,,,,,
setupScript,successMessageBackgroundRotationZ,0,,,,,,,
setupScript,fail1MessageBackgroundRotationZ,0,,,,,,,
setupScript,fail2MessageBackgroundRotationZ,0,,,,,,,
setupScript,fail3MessageBackgroundRotationZ,0,,,,,,,
setupScript,fail4MessageBackgroundRotationZ,0,,,,,,,
setupScript,fail5MessageBackgroundRotationZ,0,,,,,,,
,,,,,,,,,
setupScript,trialNumberMessageBackgroundColorR,0,,,,,,,
setupScript,startMessageBackgroundColorR,0.2,,,,,,,
setupScript,endMessageBackgroundColorR,0.2,,,,,,,
setupScript,originMessageBackgroundColorR,0.2,,,,,,,
setupScript,breakMessageBackgroundColorR,0,,,,,,,
setupScript,successMessageBackgroundColorR,0,,,,,,,
setupScript,fail1MessageBackgroundColorR,0.7,,,,,,,
setupScript,fail2MessageBackgroundColorR,0.7,,,,,,,
setupScript,fail3MessageBackgroundColorR,0.7,,,,,,,
setupScript,fail4MessageBackgroundColorR,0.7,,,,,,,
setupScript,fail5MessageBackgroundColorR,0.7,,,,,,,
setupScript,trialNumberMessageBackgroundColorG,0,,,,,,,
setupScript,startMessageBackgroundColorG,0.65,,,,,,,
setupScript,endMessageBackgroundColorG,0.65,,,,,,,
setupScript,originMessageBackgroundColorG,0.65,,,,,,,
setupScript,breakMessageBackgroundColorG,0.6,,,,,,,
setupScript,successMessageBackgroundColorG,0.6,,,,,,,
setupScript,fail1MessageBackgroundColorG,0,,,,,,,
setupScript,fail2MessageBackgroundColorG,0,,,,,,,
setupScript,fail3MessageBackgroundColorG,0,,,,,,,
setupScript,fail4MessageBackgroundColorG,0,,,,,,,
setupScript,fail5MessageBackgroundColorG,0,,,,,,,
setupScript,trialNumberMessageBackgroundColorB,0,,,,,,,
setupScript,startMessageBackgroundColorB,0.3,,,,,,,
setupScript,endMessageBackgroundColorB,0.3,,,,,,,
setupScript,originMessageBackgroundColorB,0.3,,,,,,,
setupScript,breakMessageBackgroundColorB,0.8,,,,,,,
setupScript,successMessageBackgroundColorB,0,,,,,,,
setupScript,fail1MessageBackgroundColorB,0,,,,,,,
setupScript,fail2MessageBackgroundColorB,0,,,,,,,
setupScript,fail3MessageBackgroundColorB,0,,,,,,,
setupScript,fail4MessageBackgroundColorB,0,,,,,,,
setupScript,fail5MessageBackgroundColorB,0,,,,,,,
setupScript,trialNumberMessageBackgroundColorAlpha,0,,,,,,,
setupScript,startMessageBackgroundColorAlpha,0.3,,,,,,,
setupScript,endMessageBackgroundColorAlpha,0.3,,,,,,,
setupScript,originMessageBackgroundColorAlpha,0.3,,,,,,,
setupScript,breakMessageBackgroundColorAlpha,1,,,,,,,
setupScript,successMessageBackgroundColorAlpha,1,,,,,,,
setupScript,fail1MessageBackgroundColorAlpha,1,,,,,,,
setupScript,fail2MessageBackgroundColorAlpha,1,,,,,,,
setupScript,fail3MessageBackgroundColorAlpha,1,,,,,,,
setupScript,fail4MessageBackgroundColorAlpha,1,,,,,,,
setupScript,fail5MessageBackgroundColorAlpha,1,,,,,,,
,,,,,,,,,
setupScript,trialNumberMessageTextColorR,0,,,,,,,
setupScript,startMessageTextColorR,1,,,,,,,
setupScript,endMessageTextColorR,1,,,,,,,
setupScript,originMessageTextColorR,1,,,,,,,
setupScript,breakMessageTextColorR,1,,,,,,,
setupScript,successMessageTextColorR,1,,,,,,,
setupScript,fail1MessageTextColorR,1,,,,,,,
setupScript,fail2MessageTextColorR,1,,,,,,,
setupScript,fail3MessageTextColorR,1,,,,,,,
setupScript,fail4MessageTextColorR,1,,,,,,,
setupScript,fail5MessageTextColorR,1,,,,,,,
setupScript,trialNumberMessageTextColorG,0,,,,,,,
setupScript,startMessageTextColorG,0,,,,,,,
setupScript,endMessageTextColorG,0,,,,,,,
setupScript,originMessageTextColorG,0,,,,,,,
setupScript,breakMessageTextColorG,1,,,,,,,
setupScript,successMessageTextColorG,1,,,,,,,
setupScript,fail1MessageTextColorG,1,,,,,,,
setupScript,fail2MessageTextColorG,1,,,,,,,
setupScript,fail3MessageTextColorG,1,,,,,,,
setupScript,fail4MessageTextColorG,1,,,,,,,
setupScript,fail5MessageTextColorG,1,,,,,,,
setupScript,trialNumberMessageTextColorB,0,,,,,,,
setupScript,startMessageTextColorB,0,,,,,,,
setupScript,endMessageTextColorB,0,,,,,,,
setupScript,originMessageTextColorB,0,,,,,,,
setupScript,breakMessageTextColorB,1,,,,,,,
setupScript,successMessageTextColorB,1,,,,,,,
setupScript,fail1MessageTextColorB,1,,,,,,,
setupScript,fail2MessageTextColorB,1,,,,,,,
setupScript,fail3MessageTextColorB,1,,,,,,,
setupScript,fail4MessageTextColorB,1,,,,,,,
setupScript,fail5MessageTextColorB,1,,,,,,,
setupScript,trialNumberMessageTextColorAlpha,1,,,,,,,
setupScript,startMessageTextColorAlpha,1,,,,,,,
setupScript,endMessageTextColorAlpha,1,,,,,,,
setupScript,originMessageTextColorAlpha,1,,,,,,,
setupScript,breakMessageTextColorAlpha,1,,,,,,,
setupScript,successMessageTextColorAlpha,1,,,,,,,
setupScript,fail1MessageTextColorAlpha,1,,,,,,,
setupScript,fail2MessageTextColorAlpha,1,,,,,,,
setupScript,fail3MessageTextColorAlpha,1,,,,,,,
setupScript,fail4MessageTextColorAlpha,1,,,,,,,
setupScript,fail5MessageTextColorAlpha,1,,,,,,,
,,,,,,,,,
,,,,,,,,,
,,,,,,,,,
setupScript,trialNumberMessageTextOffsetX,0,,,,,,,
setupScript,startMessageTextOffsetX,0,,,,,,,
setupScript,endMessageTextOffsetX,0,,,,,,,
setupScript,originMessageTextOffsetX,0,,,,,,,
setupScript,breakMessageTextOffsetX,0.03,,,,,,,
setupScript,successMessageTextOffsetX,0.03,,,,,,,
setupScript,fail1MessageTextOffsetX,0.03,,,,,,,
setupScript,fail2MessageTextOffsetX,0.03,,,,,,,
setupScript,fail3MessageTextOffsetX,0.03,,,,,,,
setupScript,fail4MessageTextOffsetX,0.03,,,,,,,
setupScript,fail5MessageTextOffsetX,0.03,,,,,,,
setupScript,trialNumberMessageTextOffsetY,0,,,,,,,
setupScript,startMessageTextOffsetY,0,,,,,,,
setupScript,endMessageTextOffsetY,0,,,,,,,
setupScript,originMessageTextOffsetY,0,,,,,,,
setupScript,breakMessageTextOffsetY,0.015,,,,,,,
setupScript,successMessageTextOffsetY,0.015,,,,,,,
setupScript,fail1MessageTextOffsetY,0.015,,,,,,,
setupScript,fail2MessageTextOffsetY,0.015,,,,,,,
setupScript,fail3MessageTextOffsetY,0.015,,,,,,,
setupScript,fail4MessageTextOffsetY,0.015,,,,,,,
setupScript,fail5MessageTextOffsetY,0.015,,,,,,,
,,,,,,,,,
setupScript,baseMessagePositionX,0,,,,,,,
setupScript,baseMessagePositionY,0.5,,,,,,,
setupScript,baseMessagePositionZ,4,,,,,,,
setupScript,baseMessageFontSize,5,,,,,,,
setupScript,baseMessageSizeX,10,,,,,,,
setupScript,baseMessageSizeY,5,,,,,,,
,,,,,,,,,
setupScript,contactMessagePositionX,0,,,,,,,
setupScript,contactMessagePositionY,0.5,,,,,,,
setupScript,contactMessagePositionZ,4,,,,,,,
setupScript,contactMessageFontSize,5,,,,,,,
setupScript,contactMessageSizeX,10,,,,,,,
setupScript,contactMessageSizeY,5,,,,,,,
,,,,,,,,,
setupScript,liftMessagePositionX,0,,,,,,,
setupScript,liftMessagePositionY,0.5,,,,,,,
setupScript,liftMessagePositionZ,4,,,,,,,
setupScript,liftMessageFontSize,5,,,,,,,
setupScript,liftMessageSizeX,10,,,,,,,
setupScript,liftMessageSizeY,5,,,,,,,
,,,,,,,,,
,,,,,,,,,
setupScript,baseMessageType,rectangle,,,,,,,
setupScript,contactMessageType,rectangle,,,,,,,
setupScript,liftMessageType,rectangle,,,,,,,
,,,,,,,,,
setupScript,baseMessageTextRotationZ,0,,,,,,,
setupScript,contactMessageTextRotationZ,0,,,,,,,
setupScript,liftMessageTextRotationZ,0,,,,,,,
,,,,,,,,,
setupScript,baseMessageBackgroundRotationZ,0,,,,,,,
setupScript,contactMessageBackgroundRotationZ,0,,,,,,,
setupScript,liftMessageBackgroundRotationZ,0,,,,,,,
,,,,,,,,,
,,,,,,,,,
setupScript,baseMessageTextOffsetX,0,,,,,,,
setupScript,contactMessageTextOffsetX,0,,,,,,,
setupScript,liftMessageTextOffsetX,0,,,,,,,
,,,,,,,,,
setupScript,baseMessageTextOffsetY,0,,,,,,,
setupScript,contactMessageTextOffsetY,0,,,,,,,
setupScript,liftMessageTextOffsetY,0,,,,,,,
,,,,,,,,,
,,,,,,,,,
setupScript,baseMessageBackgroundColorR,0.2,,,,,,,
setupScript,contactMessageBackgroundColorR,0.2,,,,,,,
setupScript,liftMessageBackgroundColorR,0.2,,,,,,,
,,,,,,,,,
setupScript,baseMessageBackgroundColorG,0.65,,,,,,,
setupScript,contactMessageBackgroundColorG,0.65,,,,,,,
setupScript,liftMessageBackgroundColorG,0.65,,,,,,,
,,,,,,,,,
,,,,,,,,,
setupScript,baseMessageBackgroundColorB,0.3,,,,,,,
setupScript,contactMessageBackgroundColorB,0.3,,,,,,,
setupScript,liftMessageBackgroundColorB,0.3,,,,,,,
,,,,,,,,,
setupScript,baseMessageBackgroundColorAlpha,0.3,,,,,,,
setupScript,contactMessageBackgroundColorAlpha,0.3,,,,,,,
setupScript,liftMessageBackgroundColorAlpha,0.3,,,,,,,
,,,,,,,,,
setupScript,baseMessageTextColorR,1,,,,,,,
setupScript,contactMessageTextColorR,1,,,,,,,
setupScript,liftMessageTextColorR,1,,,,,,,
,,,,,,,,,
setupScript,baseMessageTextColorG,0,,,,,,,
setupScript,contactMessageTextColorG,0,,,,,,,
setupScript,liftMessageTextColorG,0,,,,,,,
,,,,,,,,,
setupScript,baseMessageTextColorB,0,,,,,,,
setupScript,contactMessageTextColorB,0,,,,,,,
setupScript,liftMessageTextColorB,0,,,,,,,
,,,,,,,,,
setupScript,baseMessageTextColorAlpha,1,,,,,,,
setupScript,contactMessageTextColorAlpha,1,,,,,,,
setupScript,liftMessageTextColorAlpha,1,,,,,,,
,,,,,,,,,
messagesScript,baseText,wait,string,,,,,,
messagesScript,liftText,"Lift the plate
to the target",string,,,,,,
messagesScript,contactText,"Make contact
with the plate",string,,,,,,
,,,,,,,,,
messagesScript,stage1_displayMessageFlag,FALSE,,base,N,,,,
messagesScript,stage2_displayMessageFlag,FALSE,bool,hand repos,,,,,
messagesScript,stage3_displayMessageFlag,FALSE,bool,contact plate,N,,,,
messagesScript,stage4_displayMessageFlag,FALSE,bool,lift plate,N,,,,
messagesScript,stage5_displayMessageFlag,TRUE,bool,outcome,,,,,
messagesScript,stage6_displayMessageFlag,TRUE,bool,break ,,,,,
,,,,,,,,,
,,,,,,,,,
,,,,,,,,,
,,,,,,,,,
,,,,,,,,,
setupScript,targetPerchPositionOffsetX,0,,,,,,,
setupScript,targetPerchPositionOffsetY,0.05,,,,,,,
setupScript,targetPerchPositionOffsetZ,-5,,,,,,,
setupScript,targetPerchSizeX,0.295,,,,,,,
setupScript,targetPerchSizeY,0.014,,,,,,,
setupScript,targetPerchSizeZ,0.054,,,,,,,
,,,,,,,,,
,,,,,,,,,
,,,,,,,,,
trialScript,targetBirdSpeciesMode,random,,,,,,,
trialScript,targetBirdSpeciesList,na,,,,,,,
trialScript,targetBirdEntryAnimation,landing,"landing, appear",,,,,,
trialScript,targetBirdExitAnimation,takeoff,"takeoff, disappear",,,,,,
trialScript,targetBirdMainAnimation,ground,"flying, ground",,,,,,
trialScript,targetBirdAppearanceOffsetX,0,,,,,,,
trialScript,targetBirdAppearanceOffsetY,0.5,,,,,,,
trialScript,targetBirdAppearanceOffsetZ,1,,,,,,,
trialScript,targetBirdDepartureOffsetX,0,,,,,,,
trialScript,targetBirdDepartureOffsetY,0.5,,,,,,,
trialScript,targetBirdDepartureOffsetZ,-1,,,,,,,
trialScript,targetBirdGroundAnimationMinDuration,2,,,,,,,
trialScript,targetBirdGroundAnimationMaxDuration,5,,,,,,,
,,,,,,,,,
trialScript,changeBirdOnSuccess,TRUE,,,,,,,
trialScript,changeBirdOnFailure1,FALSE,,,,,,,
trialScript,changeBirdOnFailure2,FALSE,,,,,,,
trialScript,changeBirdOnFailure3,FALSE,,,,,,,
trialScript,changeBirdOnFailure4,FALSE,,,,,,,
trialScript,changeBirdOnBreak,TRUE,,,,,,,
trialScript,changeBirdAnyCondition,FALSE,,,,,,,
trialScript,changeBirdStage,5,,,,,,,
,,,,,,,,,
setupScript,tgtBirdsScaleX,1,,,,,,,
setupScript,tgtBirdsScaleY,1,,,,,,,
setupScript,tgtBirdsScaleZ,1,,,,,,,
,,,,,,,,,
setupScript,tgtBirdPositionOffsetX,0,,,,,,,
setupScript,tgtBirdPositionOffsetY,0,,,,,,,
setupScript,tgtBirdPositionOffsetZ,0,,,,,,,
setupScript,tgtBirdPositionOffsetYStandOnTargetFlag,TRUE,,,,,,,
,,,,,,,,,
setupScript,tgtBirdRotationX,0,,,,,,,
setupScript,tgtBirdRotationY,0,,,,,,,
setupScript,tgtBirdRotationZ,0,,,,,,,
,,,,,,,,,
,,,,,,,,,
setupScript,tgtBirdCardinalSizeX,0.4644,,,,,,,
setupScript,tgtBirdCardinalSizeY,0.2079,,,,,,,
setupScript,tgtBirdCardinalSizeZ,0.2511,,,,,,,
setupScript,tgtBirdBluejaySizeX,0.4644,,,,,,,
setupScript,tgtBirdBluejaySizeY,0.2079,,,,,,,
setupScript,tgtBirdBluejaySizeZ,0.2511,,,,,,,
setupScript,tgtBirdRobinSizeX,0.4644,,,,,,,
setupScript,tgtBirdRobinSizeY,0.2079,,,,,,,
setupScript,tgtBirdRobinSizeZ,0.2511,,,,,,,
setupScript,tgtBirdChickadeeSizeX,0.3096,,,,,,,
setupScript,tgtBirdChickadeeSizeY,0.1386,,,,,,,
setupScript,tgtBirdChickadeeSizeZ,0.1674,,,,,,,
setupScript,tgtBirdGoldfinchSizeX,0.3096,,,,,,,
setupScript,tgtBirdGoldfinchSizeY,0.1386,,,,,,,
setupScript,tgtBirdGoldfinchSizeZ,0.1674,,,,,,,
setupScript,tgtBirdSparrowSizeX,0.3096,,,,,,,
setupScript,tgtBirdSparrowSizeY,0.1386,,,,,,,
setupScript,tgtBirdSparrowSizeZ,0.1674,,,,,,,
,,,,,,,,,
setupScript,plateStandSizeX,0.1,,,,,,,
setupScript,plateStandSizeZ,0.1,,,,,,,
setupScript,plateStandColorR,0.4,,,,,,,
setupScript,plateStandColorG,0.2,,,,,,,
setupScript,plateStandColorB,0,,,,,,,
setupScript,plateStandColorAlpha,0,,,,,,,
,,,,,,,,,
,,,,,,,,,
setupScript,taskWorkspaceBoundShape,Sphere,"Cube or ""Sphere""",,,,,,
setupScript,taskWorkspaceBoundSizeX,0,only used for Cube,,,,,,
setupScript,taskWorkspaceBoundSizeY,0,,,,,,,
setupScript,taskWorkspaceBoundSizeZ,0,,,,,,,
setupScript,taskWorkspaceBoundSizeRadius,0.3,only used for Sphere,,,,,,
,,,,,,,,,
,,,,Trials Stage 2,,"""position hands to start"": people need to position each hand in ""hand origin collider""  ",,,
,,,,,,,,,
,,,,,,,,,
trialScript,stage2_handPositionTime,0.1,seconds,,time that hands need to be below plate to start stage 3,,,,
,,,,,,,,,
setupScript,lefthandStartingInBoundPositionX,-0.13,meters,,"position of hand origin colliders wrt plate origin position. X axis -> right, y axis -> top, z axis -> front",,,,
setupScript,lefthandStartingInBoundPositionY,-0.1,meters,,//,,,,
setupScript,lefthandStartingInBoundPositionZ,0,meters,,//,,,,
setupScript,lefthandStartingInBoundShape,Sphere,,Sphere or Cube,,,,,
setupScript,lefthandStartingInBoundSizeRadius,0.1,,,,,,,
setupScript,lefthandStartingInBoundSizeX,0,,,,,,,
setupScript,lefthandStartingInBoundSizeY,0,,,,,,,
setupScript,lefthandStartingInBoundSizeZ,0,,,,,,,
setupScript,lefthandStartingInBoundFlag,TRUE,,,"flag for whether to use hand for ""position hands in origin to start"" (to be changed for each trial)",,,,
,,,,,,,,,
,,,,,,,,,
,,,,,,,,,
setupScript,righthandStartingInBoundPositionX,0.13,meters,,//,,,,
setupScript,righthandStartingInBoundPositionY,-0.1,meters,,//,,,,
setupScript,righthandStartingInBoundPositionZ,0,meters,,//,,,,
setupScript,righthandStartingInBoundShape,Sphere,,Sphere or Cube,,,,,
setupScript,righthandStartingInBoundSizeRadius,0.1,,,,,,,
setupScript,righthandStartingInBoundSizeX,0,,,,,,,
setupScript,righthandStartingInBoundSizeY,0,,,,,,,
setupScript,righthandStartingInBoundSizeZ,0,,,,,,,
setupScript,righthandStartingInBoundFlag,TRUE,,,,,,,
,,,,,,,,,
,,,,,,,,,
setupScript,lefthandStartingOutBoundPositionX,0,meters,,,,,,
setupScript,lefthandStartingOutBoundDirectionX,none,left OR right OR none,,,,,,
setupScript,lefthandStartingOutBoundPositionY,0.005,,,,,,,
setupScript,lefthandStartingOutBoundDirectionY,below,above OR below OR none,,,,,,
setupScript,lefthandStartingOutBoundPositionZ,0,,,,,,,
setupScript,lefthandStartingOutBoundDirectionZ,none,infront OR behind OR none,,,,,,
setupScript,lefthandStartingOutBoundMeetAllConditions,FALSE,"false: any condition must be met, true: all conditions must be met",,,,,,
setupScript,lefthandStartingOutBoundFlag,TRUE,bool,,,,,,
,,,,,,,,,
,,,,,,,,,
setupScript,righthandStartingOutBoundPositionX,0,meters,,,,,,
setupScript,righthandStartingOutBoundDirectionX,none,left OR right OR none,,,,,,
setupScript,righthandStartingOutBoundPositionY,0.005,,,,,,,
setupScript,righthandStartingOutBoundDirectionY,below,above OR below OR none,,,,,,
setupScript,righthandStartingOutBoundPositionZ,0,,,,,,,
setupScript,righthandStartingOutBoundDirectionZ,none,infront OR behind OR none,,,,,,
setupScript,righthandStartingOutBoundMeetAllConditions,FALSE,"false: any condition must be met, true: all conditions must be met",,,,,,
setupScript,righthandStartingOutBoundFlag,TRUE,bool,,,,,,
,,,,,,,,,
setupScript,lefthandStartingBoundMeshLocalPositionX,0,,,,,,,
setupScript,lefthandStartingBoundMeshLocalPositionY,0,,,,,,,
setupScript,lefthandStartingBoundMeshLocalPositionZ,0,,,,,,,
setupScript,lefthandStartingBoundMeshSizeX,0,,,,,,,
setupScript,lefthandStartingBoundMeshSizeY,0,,,,,,,
setupScript,lefthandStartingBoundMeshSizeZ,0,,,,,,,
setupScript,lefthandStartingBoundMeshShape,Hand,string,"None, Hand, Cube, Sphere",,,,,
setupScript,lefthandStartingBoundMeshSizeAuto,TRUE,,,,,,,
setupScript,lefthandStartingBoundMeshPositionAuto,TRUE,,,,,,,
,,,,Trials Stage 2  [waits for hands to be in below plate region],,,,,
,,,,,,,,,
setupScript,righthandStartingBoundMeshLocalPositionX,0,,,,,,,
setupScript,righthandStartingBoundMeshLocalPositionY,0,,,,,,,
setupScript,righthandStartingBoundMeshLocalPositionZ,0,,,,,,,
setupScript,righthandStartingBoundMeshSizeX,0,,,,,,,
setupScript,righthandStartingBoundMeshSizeY,0,,,,,,,
setupScript,righthandStartingBoundMeshSizeZ,0,,,,,,,
setupScript,righthandStartingBoundMeshShape,Hand,string,"None, Hand, Cube, Sphere",,,,,
setupScript,righthandStartingBoundMeshSizeAuto,TRUE,,,,,,,
setupScript,righthandStartingBoundMeshPositionAuto,TRUE,,,,,,,
,,,,,,,,,
setupScript,handStartingBoundMeshColorSuccessR,0,(0 to 1),float ,color of the hand target mesh,,,,
setupScript,handStartingBoundMeshColorSuccessG,0.75,,,,,,,
setupScript,handStartingBoundMeshColorSuccessB,0.4,,,,,,,
setupScript,handStartingBoundMeshColorSuccessAlpha,0.3,,,,,,,
setupScript,handStartingBoundMeshColorUnsuccessR,1,,,,,,,
setupScript,handStartingBoundMeshColorUnsuccessG,0,,,,,,,
setupScript,handStartingBoundMeshColorUnsuccessB,0,,,,,,,
setupScript,handStartingBoundMeshColorUnsuccessAlpha,0.3,,,,,,,
setupScript,handStartingBoundMeshColorHandsCoupled,FALSE,,,"if true, green only if both hands in target",,,,
,,,,,,,,,
,,,,,,,,,
,,,,,,,,,
,,,,,,,,,
setupScript,lefthandGainResetInBoundPositionX,-0.13,meters,,"position of hand origin colliders wrt plate origin position. X axis -> right, y axis -> top, z axis -> front",,,,
setupScript,lefthandGainResetInBoundPositionY,-0.1,meters,,//,,,,
setupScript,lefthandGainResetInBoundPositionZ,0,meters,,//,,,,
setupScript,lefthandGainResetInBoundShape,Sphere,,Sphere or Cube,,,,,
setupScript,lefthandGainResetInBoundSizeRadius,0.1,,,,,,,
setupScript,lefthandGainResetInBoundSizeX,0,,,,,,,
setupScript,lefthandGainResetInBoundSizeY,0,,,,,,,
setupScript,lefthandGainResetInBoundSizeZ,0,,,,,,,
setupScript,lefthandGainResetInBoundFlag,TRUE,,,"flag for whether to use hand for ""position hands in origin to start"" (to be changed for each trial)",,,,
,,,,,,,,,
,,,,,,,,,
,,,,,,,,,
setupScript,righthandGainResetInBoundPositionX,0.13,meters,,//,,,,
setupScript,righthandGainResetInBoundPositionY,-0.1,meters,,//,,,,
setupScript,righthandGainResetInBoundPositionZ,0,meters,,//,,,,
setupScript,righthandGainResetInBoundShape,Sphere,,Sphere or Cube,,,,,
setupScript,righthandGainResetInBoundSizeRadius,0.1,,,,,,,
setupScript,righthandGainResetInBoundSizeX,0,,,,,,,
setupScript,righthandGainResetInBoundSizeY,0,,,,,,,
setupScript,righthandGainResetInBoundSizeZ,0,,,,,,,
setupScript,righthandGainResetInBoundFlag,TRUE,,,,,,,
,,,,,,,,,
,,,,,,,,,
setupScript,lefthandGainResetOutBoundPositionX,0,meters,,,,,,
setupScript,lefthandGainResetOutBoundDirectionX,none,left OR right OR none,,,,,,
setupScript,lefthandGainResetOutBoundPositionY,0.005,,,,,,,
setupScript,lefthandGainResetOutBoundDirectionY,below,above OR below OR none,,,,,,
setupScript,lefthandGainResetOutBoundPositionZ,0,,,,,,,
setupScript,lefthandGainResetOutBoundDirectionZ,none,infront OR behind OR none,,,,,,
setupScript,lefthandGainResetOutBoundMeetAllConditions,FALSE,"false: any condition must be met, true: all conditions must be met",,,,,,
setupScript,lefthandGainResetOutBoundFlag,TRUE,bool,,,,,,
,,,,,,,,,
,,,,,,,,,
setupScript,righthandGainResetOutBoundPositionX,0,meters,,,,,,
setupScript,righthandGainResetOutBoundDirectionX,none,left OR right OR none,,,,,,
setupScript,righthandGainResetOutBoundPositionY,0.005,,,,,,,
setupScript,righthandGainResetOutBoundDirectionY,below,above OR below OR none,,,,,,
setupScript,righthandGainResetOutBoundPositionZ,0,,,,,,,
setupScript,righthandGainResetOutBoundDirectionZ,none,infront OR behind OR none,,,,,,
setupScript,righthandGainResetOutBoundMeetAllConditions,FALSE,"false: any condition must be met, true: all conditions must be met",,,,,,
setupScript,righthandGainResetOutBoundFlag,TRUE,bool,,,,,,
,,,,,,,,,
setupScript,handGainResetBoundMatchHandStartingFlag,TRUE,bool,,makes the gain reset trigger the same as the hand reposition one,,,,
,,,,,,,,,
,,,,,,,,,
,,,,,,,,,
,,,,,,,,,
trialScript,gainTransitionTime,0.1,float,,,,,,
,,,,,,,,,
,,,,,,,,,
trialScript,gainOriginComputationWithinTrial,homePositionMedian,string,"""fixedPosition"", [hand position at time of…]  ""homePositionStart"" (when first reached by hands), ""homePositionEnd"" (hands have been in home for required time and plate appears), ""homePositionMean"",""homePositionMedian"" (within trial mean or median for those frames), ""plateContact"" (hand position upon plate contact)",,,,,
trialScript,gainOriginComputationBetweenTrials,median,string,"""median"", ""mean"",""resetEachTrial""",,,,,
trialScript,gainOriginComputationTrialRangeStart,1,int,trial range to be used to compute gain origin,,,,,
trialScript,gainOriginComputationTrialRangeEnd,5,,,,,,,
trialScript,gainOriginTransitionTime,0,,,,,,,
trialScript,leftGainOriginFixedPositionX,0,,,,,,,
trialScript,leftGainOriginFixedPositionY,0,,,,,,,
trialScript,leftGainOriginFixedPositionZ,0,,,,,,,
trialScript,rightGainOriginFixedPositionX,0,,,,,,,
trialScript,rightGainOriginFixedPositionY,0,,,,,,,
trialScript,rightGainOriginFixedPositionZ,0,,,,,,,
